shrimp,almonds,avocado,vegetables mix
burgers,meatballs,eggs,green grapes
chutney,frozen smoothie,cottage cheese,frozen smoothie
turkey,avocado,yams,olive oil
mineral water,milk,energy bar,whole wheat rice
low fat yogurt,mineral water,shrimp,salad
whole wheat pasta,french fries,olive oil,yams
soup,light cream,shallot,olive oil
frozen vegetables,spaghetti,green tea,green grapes
french fries,tomato juice,shrimp,eggs
eggs,pet food,salmon,cottage cheese
cookies,energy drink,vegetables mix,frozen smoothie
turkey,burgers,mineral water,eggs
spaghetti,champagne,cookies,cottage cheese
mineral water,salmon,spinach,antioxydant juice
mineral water,energy drink,green tea,green grapes
shrimp,chocolate,chicken,honey
turkey,eggs,spinach,low fat yogurt
turkey,fresh tuna,tomatoes,spaghetti
meatballs,milk,honey,french fries
red wine,shrimp,pasta,pepper
rice,sparkling water,tomato juice,olive oil
spaghetti,mineral water,ham,body spray
burgers,grated cheese,shrimp,pasta
eggs,cottage cheese,low fat yogurt,almonds
parmesan cheese,spaghetti,soup,avocado
ground beef,spaghetti,mineral water,milk
sparkling water,olive oil,low fat yogurt,energy drink
mineral water,eggs,chicken,chocolate
frozen vegetables,spaghetti,yams,mineral water
herb & pepper,tomato sauce,light cream,magazines
mineral water,chocolate,avocado,eggs
turkey,french fries,strawberries,shrimp
frozen vegetables,strong cheese,chocolate,antioxydant juice
cookies,low fat yogurt,shrimp,salad
pickles,spaghetti,salmon,escalope
energy bar,french fries,low fat yogurt,shrimp
red wine,ground beef,mineral water,frozen smoothie
mineral water,cake,cottage cheese,salad
pickles,champagne,green tea,antioxydant juice
spaghetti,whole weat flour,low fat yogurt,salmon
fresh tuna,frozen vegetables,spaghetti,mineral water
spaghetti,low fat yogurt,energy drink,cottage cheese
soup,meatballs,hot dogs,sparkling water
escalope,avocado,olive oil,green tea
soup,avocado,french fries,hot dogs
mineral water,chicken,cereals,clothes accessories
mineral water,bug spray,almonds,yams
avocado,muffins,antioxydant juice,cottage cheese
burgers,black tea,green tea,yams
spaghetti,chocolate,brownies,white wine
fresh tuna,mineral water,eggs,low fat yogurt
spaghetti,muffins,whole weat flour,frozen smoothie
spaghetti,chocolate,green tea,avocado
french fries,escalope,champagne,honey
tomato sauce,light mayo,cottage cheese,salmon
turkey,fresh tuna,frozen vegetables,tomatoes
eggs,cookies,low fat yogurt,mineral water
soup,chicken,gums,soda
turkey,frozen vegetables,mineral water,cider
spaghetti,low fat yogurt,energy drink,almonds
clothes accessories,yams,energy drink,antioxydant juice
energy drink,whole weat flour,almonds,honey
soup,bug spray,shallot,protein bar
turkey,eggs,frozen smoothie,almonds
french fries,tomato juice,olive oil,cottage cheese
chocolate,milk,energy drink,avocado
herb & pepper,whole wheat pasta,ground beef,mineral water
cookies,spinach,tomato juice,honey
shrimp,pasta,almonds,honey
grated cheese,herb & pepper,tomatoes,tomato sauce
burgers,escalope,shallot,salad
cookies,cottage cheese,yams,olive oil
yogurt cake,vegetables mix,olive oil,whole weat flour
soup,eggs,antioxydant juice,cottage cheese
cookies,green grapes,honey,shrimp
mineral water,chocolate,low fat yogurt,green grapes
eggs,strawberries,antioxydant juice,cottage cheese
grated cheese,ground beef,spaghetti,mineral water
mint,low fat yogurt,salmon,green grapes
eggs,cake,french fries,antioxydant juice
burgers,spaghetti,milk,french fries
mineral water,energy bar,butter,french fries
burgers,grated cheese,herb & pepper,mineral water
energy bar,antioxydant juice,green tea,soda
energy bar,energy drink,salmon,vegetables mix
chocolate,frozen smoothie,salad,whole weat flour
low fat yogurt,salad,whole weat flour,salmon
asparagus,salad,salmon,energy drink
burgers,french fries,low fat yogurt,green tea
low fat yogurt,green grapes,frozen smoothie,cottage cheese
burgers,herb & pepper,shrimp,pasta
champagne,low fat yogurt,spinach,salad
champagne,shrimp,frozen smoothie,avocado
burgers,almonds,eggs,french fries
ham,soup,escalope,body spray
turkey,ham,frozen vegetables,pepper
muffins,eggs,cookies,cottage cheese
avocado,green tea,honey,salmon
frozen vegetables,whole wheat pasta,ground beef,spaghetti
